Time,Voltage
0,5.099342830602247
1,4.9723471397657635
2,5.1295377076201385
3,5.304605971281605
4,4.953169325055333
5,4.9531726086101635
6,5.315842563101478
7,5.153486945830582
8,4.90610512281301
9,5.108512008717193
10,4.9073164614375075
11,4.906854049285949
12,5.048392454313207
13,4.61734395106844
14,4.655016433497393
15,4.8875424941518055
16,4.797433775933115
17,5.062849466519054
18,4.818395184895758
19,4.717539259732941
20,5.293129753784311
21,4.9548447399026925
22,5.013505640937585
23,4.715050362757308
24,4.891123455094964
25,5.022184517941973
26,4.769801284515539
27,5.075139603669134
28,4.879872262016239
29,4.941661250041345
30,4.87965867755412
31,5.370455636901788
32,4.997300555052413
33,4.78845781420882
34,5.164508982420638
35,4.755831270005795
36,5.041772719000951
37,4.6080659752240445
38,4.734362790220314
39,5.039372247173825
40,5.147693315999082
41,5.034273656237994
42,4.976870343522352
43,4.939779260882142
44,4.704295601926514
45,4.856031158321058
46,4.907872245808043
47,5.211424445243783
48,5.068723657913692
49,4.647391968927453
50,5.0648167938789594
51,4.922983543916737
52,4.8646155999388085
53,5.1223352577681736
54,5.20619990449919
55,5.18625602382324
56,4.8321564953554725
57,4.938157524829757
58,5.066252686280713
59,5.195109025424472
60,4.904165152430942
61,4.962868204667236
62,4.778733005198794
63,4.760758675183866
64,5.16250516447884
65,5.271248005714164
66,4.985597975683933
67,5.200706579578405
68,5.072327205009527
69,4.870976049078975
70,5.072279121101682
71,5.307607313293194
72,4.99283479217801
73,5.312928731162801
74,4.476050979182051
75,5.164380500875045
76,5.017409413647634
77,4.9401985299068265
78,5.018352155307101
79,4.6024862170798215
80,4.956065622432497
81,5.071422514302349
82,5.295578808948303
83,4.896345956345271
84,4.838301279421362
85,4.899648591283093
86,5.183080423540415
87,5.065750221931937
88,4.894047959246592
89,5.102653486622671
90,5.019415509869608
91,5.193728998106578
92,4.85958938122453
93,4.934467570680447
94,4.921578369373568
95,4.707297010373576
96,5.0592240554129155
97,5.052211054435978
98,5.001022691328492
99,4.953082573324971
100,4.7169258515899175
101,4.915870935446928
102,4.931457096694646
103,4.839544546155676
104,4.967742857666798
105,5.0808101713629075
106,5.377237180242106
107,5.0349155625663675
108,5.0515100781445526
109,4.985110816846767
110,4.616245756940192
111,4.994697224910157
112,5.012046041988206
113,5.492648422497057
114,4.961527807043775
115,5.0603094684667225
116,4.9930576460589515
117,4.766264392476094
118,5.228564562903004
119,5.150386606537355
120,5.158206389408609
121,4.818122509041052
122,5.2805588621872195
123,4.719629787441544
124,5.117371418760054
125,5.438091125161995
126,4.801892734973863
127,4.886740454079446
128,5.019930273017528
129,4.89930486917676
130,4.689867313786774
131,5.013712594961206
132,4.787539257254779
133,5.094718486127037
134,4.816115153153239
135,5.309986881003508
136,4.843349341532752
137,4.935587696758865
138,5.162703443473934
139,4.753827136713209
140,5.045491986920826
141,5.261428550856485
142,4.678503353087755
143,5.036926771706461
144,5.0519765588496846
145,5.156364574355462
146,4.752609857824384
147,4.7359086773831445
148,5.10438831312338
149,5.059396934646637
150,5.050098570069175
151,5.069289641899395
152,4.863995055684302
153,5.046450739432201
154,5.058614494659737
155,4.857129716394726
156,5.3731549022289515
157,5.0947665841823575
158,4.76173930055947
159,5.131310721726766
160,4.805063665954536
161,5.15741692074849
162,5.23171911580148
163,4.835863536329658
164,5.192675225848864
165,5.0825561853873
166,5.164412031998898
167,5.379358596530789
168,4.950922376799426
169,4.849252767128502
170,4.822097114074896
171,4.836837943006913
172,4.9845796581171795
173,5.0682303949633285
174,5.055338159866004
175,5.165436649807205
176,5.002600378375582
177,5.290706815431463
178,4.9470686333524085
179,5.544033833317924
180,5.125133469553001
181,4.828568488716743
182,4.785821500387778
183,5.096494483048637
184,4.95530744293483
185,5.142800098818419
186,5.094647524914709
187,4.985434217468625
188,4.830641256386319
189,4.6970305550628275
190,4.910697009586595
191,5.171279758864695
192,5.042818748826041
193,4.750852244257603
194,5.034636185170236
195,5.077063475945767
196,4.823228512759774
197,5.030745021189105
198,5.0116417436892
199,4.771405940433875
200,5.071557472069657
201,5.112156905273647
202,5.216610248635055
203,5.210760410406981
204,4.724466126408582
205,4.812434992016976
206,5.103007053441732
207,5.102757190182442
208,5.10300953726121
209,5.770546298130944
210,5.114178102138633
211,5.22711312803612
212,5.19080035269864
213,5.13027825026116
214,4.936946151071931
215,5.151793844098654
216,4.845434957092485
217,4.952636278651998
218,4.902927290434179
219,5.016374827877264
220,5.462931713334702
221,4.62654696148165
222,5.1372520380749025
223,4.67745682576207
224,4.905613626842113
225,5.217790119393473
226,5.012856003819093
227,4.784451044414139
228,4.856939258148007
229,5.135919549786935
230,4.853926673656573
231,5.043291717916395
232,5.009114367980763
233,4.869679930478837
234,5.428788817865065
235,5.126783804463602
236,4.594971482668479
237,5.037290862953886
238,4.867642707046322
239,5.170486666959245
240,4.84149585231346
241,4.97705271170662
242,5.100997455796091
243,5.173151038834025
244,4.759940718588845
245,4.933099752831811
246,4.905010937767809
247,4.869334153485258
248,5.353090848056219
249,5.080996342192191
250,4.747823209132991
251,5.183572389410955
252,5.4244312394025265
253,5.206493052110229
254,4.696126006809197
255,4.90315318542675
256,5.2533822298373245
257,4.858466106876244
258,5.088763885629246
259,5.1549268106858674
260,4.814613905684383
261,4.98809492878764
262,4.351746531986185
263,4.795122471733142
264,4.949486369721368
265,4.7504433636070305
266,5.326482260786327
267,4.713971724407873
268,4.911991102660603
269,5.026148115457218
270,5.288254657813223
271,4.712827569764112
272,5.232632750430992
273,5.002046612203918
274,4.803698269790409
275,5.092420694852654
276,5.039811939114694
277,4.879956624568241
278,5.013960416998004
279,4.922937280627648
280,5.022703469050249
281,5.132426134904209
282,5.31720336322907
283,4.75243690023463
284,5.426606674931254
285,4.609582440095499
286,4.969642980992884
287,5.117663441296916
288,5.056198373547007
289,4.875460096035881
290,4.958375549928545
291,4.901399813068234
292,4.882127048611157
293,5.169920419404205
294,5.071403097193009
295,4.861418080947869
296,5.1799199750866505
297,5.061459904175321
298,5.162572423767792
299,5.125925768384723
300,4.834200997815586
301,4.8879637919606065
302,5.1494587210246525
303,5.122074053086693
304,4.995819681207171
305,5.023465476661756
306,5.255532979157685
307,4.881685722232834
308,5.109419476234008
309,4.959561469513221
310,4.9564637593545555
311,5.219755370397438
312,5.165083269797606
313,5.1627019272001275
314,5.261095761430866
315,5.004200768326552
316,5.136390594258993
317,4.937946648681309
318,5.064833270497688
319,4.973971389126463
320,5.019399192998543
321,5.119031405087383
322,4.8363558633533055
323,5.418477455137092
324,4.79879652370006
325,4.757162277442454
326,5.231622174700013
327,5.158332538792587
328,5.124823963410431
329,5.125669101852856
330,4.997550645430617
331,4.820549125702834
332,5.015160911638746
333,4.864567657697577
334,5.19502394668355
335,4.970588523699572
336,4.834900560641498
337,4.935722831669401
338,5.082586290855125
339,4.887255089439205
340,4.835555920886714
341,5.048737442298383
342,5.048993314221745
343,4.898611364925774
344,4.905792338876336
345,5.046409987471527
346,4.710383131700535
347,4.718507245124689
348,4.856311155749513
349,4.957310569657631
350,5.062181513119601
351,5.29507124338991
352,5.171531924640404
353,4.968012294007314
354,4.996196758419463
355,4.799494127072438
356,4.996297372801522
357,4.942268272215973
358,5.064543712067618
359,4.834553811289536
360,5.103869302848234
361,5.306547782600515
362,4.978247970308629
363,5.080342344419789
364,5.138028798342223
365,4.919755905622833
366,5.044818496362083
367,5.002518480156359
368,5.019535219709766
369,4.845398043228907
370,5.0049020348517885
371,5.09959965824909
372,5.290228721559008
373,5.191854165217041
374,5.4306364915023115
375,4.84653048742239
376,5.174464127344136
377,5.03666840114767
378,5.437960586643534
379,4.838340342928969
380,4.832055631563845
381,4.880121470911195
382,4.5752208551380384
383,4.894848995663848
384,4.848173467689261
385,5.030078757295241
386,5.068351195155432
387,5.375234167843177
388,5.19008476763721
389,4.884619268867519
390,4.820317065730328
391,5.098383834301301
392,4.7359533585958715
393,5.366291753170871
394,5.235888024144257
395,4.906164869579059
396,4.657373094181825
397,5.2707744748330825
398,4.977092030949477
399,5.247563262394692
400,4.681114468241127
401,4.880124995409245
402,5.001048739943637
403,5.0093961187529485
404,4.909986905704152
405,5.1245699864695
406,4.786475914123481
407,4.971524102995741
408,5.0240591263423795
409,5.10288776681175
410,5.142322975617778
411,4.775071581632426
412,4.693177165852876
413,5.255535364379702
414,5.066462802395918
415,4.85030269268869
416,5.3102303951045045
417,5.023134926858572
418,5.235859436812765
419,5.013503696282021
420,5.412149584976397
421,5.3510681684886405
422,4.950207170304186
423,5.194314190190871
424,5.12907518991703
425,5.273726311506469
426,4.8070153078839795
427,5.137210291999688
428,5.211684897369918
429,4.648252102715377
430,4.763348297466845
431,4.59215356444798
432,4.946118633111088
433,5.143508451159192
434,5.300471410419206
435,5.014818956083955
436,5.325723109114258
437,4.723979708357022
438,4.659323512128969
439,4.988890460220676
440,5.076813089787861
441,4.993461050381182
442,4.586511579992025
443,4.982175992097442
444,4.739106099899029
445,5.133934509766008
446,5.0733196492193695
447,4.812024042734529
448,4.897226616532661
449,4.788157295622209
450,4.9874641805453654
451,5.191028464100247
452,4.802854790732892
453,5.100809303103569
454,4.893948476325511
455,4.841425433547531
456,4.978593928009088
457,4.792951535516125
458,4.889270138930564
459,4.76042442148223
460,5.392945026583278
461,5.007052710394346
462,4.860054898401483
463,5.042795982146845
464,4.977534390061834
465,4.955806080093355
466,5.122833340008685
467,5.151501542009461
468,4.893899770477894
469,4.884836351871064
470,4.9449896605696715
471,4.539615767052883
472,4.69696178756029
473,5.273374853488905
474,5.328993542700257
475,4.950192792088725
476,5.1153113926111535
477,5.062250030908707
478,5.6157761616910475
479,5.2239149822869155
480,4.974416481703846
481,4.808891911879915
482,4.678710735948486
483,5.040692727173445
484,4.84872985094314
485,4.715549258080465
486,4.870685423151495
487,4.783690399277121
488,5.337428327014513
489,5.17632795138989
490,4.998405471736676
491,5.295988827778006
492,5.015473661529524
493,4.827743159734347
494,5.3046248154539315
495,5.1077820087369314
496,4.792550769134709
497,4.961932264383278
498,4.824876349323048
499,4.723440053807133
500,5.185235509506328
501,5.381883328094026
502,4.720286485236172
503,5.112593847338114
504,4.869871486175635
505,4.902574923247061
506,4.881521215152226
507,4.827201846064037
508,5.009704325588966
509,4.8338099767177924
510,5.054091365155967
511,4.989952378110172
512,4.952210390626718
513,4.818487267591681
514,4.884645733886334
515,5.151078245165151
516,5.100183437524876
517,4.80448895104029
518,5.019866461085845
519,5.150277424674358
520,4.666118943775726
521,5.108672038475987
522,4.86747524821083
523,5.114119733718632
524,4.8473481686914965
525,4.6390235798670965
526,4.6744915124233675
527,5.009616989332277
528,5.051944500344296
529,4.819136674979118
530,5.127718491755475
531,4.667695987546208
532,4.986784040270536
533,4.757796760047508
534,4.869632778439568
535,5.009479734263283
536,4.82791732694321
537,4.923088891154035
538,5.201258561842888
539,4.88462162609537
540,5.167138422413029
541,4.7740586290684766
542,5.105960835583057
543,5.28831372413158
544,4.505671099974542
545,4.840620948905904
546,5.115414425436108
547,4.9593909227914015
548,5.074229174674262
549,4.879202962656836
550,5.01731795749458
551,4.968864552921584
552,5.233556412331962
553,5.050884168660243
554,5.06752053241504
555,4.917624606775506
556,4.902478755185501
557,4.913488362436076
558,5.07889042847566
559,4.915803103835947
560,5.057954971379282
561,5.415080159729087
562,5.174224940686338
563,4.934795293566432
564,5.240242784432789
565,4.9183849253956895
566,4.59237509296443
567,4.798382737816519
568,4.625841615794829
569,4.929697303191738
570,5.003683675837911
571,5.335287462455057
572,5.065385474752833
573,4.956179894238227
574,5.165881116236698
575,4.557772938198423
576,5.047122911621713
577,5.154173038777393
578,4.7042827508440315
579,5.228750808641386
580,5.067699281498883
581,4.91694241721984
582,5.126556373221257
583,5.454138571560879
584,5.036373251011699
585,5.049644117260067
586,4.908127820091951
587,4.830031126107041
588,5.166067163308849
589,4.828783234818227
590,5.014313247443878
591,4.904468510646977
592,5.095795965149279
593,5.06673242105739
594,5.20750798885158
595,4.897996720229051
596,4.946025012941326
597,4.804247256843539
598,4.911141347984778
599,5.07546009860897
600,5.151397723329071
601,4.815566935164475
602,5.173921184021132
603,5.2711275717609904
604,5.08268698064474
605,5.3753591625116135
606,4.845242160179286
607,4.751069059337716
608,4.6442559502191445
609,5.299208862297837
610,5.130873131270811
611,4.988883065817909
612,5.055993725263964
613,4.774902190540325
614,5.489150395923366
615,5.025844236395045
616,5.021878958920978
617,5.145153324779739
618,5.096201846347343
619,5.044776804855826
620,4.841905108910938
621,5.0942936714272
622,5.376404899295006
623,5.269084009230996
624,5.318637325327879
625,4.897756864713763
626,4.8020790359482834
627,4.97484261598007
628,5.011144982457739
629,5.21883830369419
630,4.661507074057036
631,5.305910063892123
632,4.968398420284202
633,4.914623786010516
634,4.7975791249479665
635,4.669028665626846
636,5.164634116792383
637,5.014663593437681
638,4.742007820051789
639,4.740984245587277
640,4.932843060141974
641,5.333804305057878
642,4.948081729727279
643,4.699371409376379
644,4.950851387182811
645,4.945455286050466
646,4.460622671411686
647,4.989141026696438
648,4.9538130939582645
649,5.139241272962684
650,5.369791218989069
651,5.225313005909552
652,4.946222261889034
653,4.778694818251666
654,5.514671960649972
655,5.011843686802898
656,5.002785858382589
657,4.995174982577999
658,5.039616952153571
659,4.9711279176152114
660,4.885267598623953
661,4.890628211751921
662,4.9934493459568
663,4.891315045773247
664,4.857430843464567
665,5.021286045538379
666,4.949004556515829
667,5.300798597716538
668,4.469806038321398
669,5.218301370384492
670,5.249217038499526
671,4.5853219535183705
672,4.93146248118393
673,4.925711826800842
674,4.7184976610564355
675,4.844436662481825
676,4.777884830906834
677,5.3504540886847245
678,5.187135678629493
679,5.254311018998831
680,5.1443344128086474
681,4.774189645756554
682,4.895095946744045
683,5.097874912245584
684,4.755574438221611
685,5.142599686034478
686,4.951934920368373
687,4.92503583849008
688,5.142191993640698
689,5.088852662297208
690,4.927806766836184
691,5.23186596067285
692,4.783787334480021
693,5.1231871213888525
694,5.1186202515936765
695,4.9380907121372015
696,5.065226604448424
697,4.749777284722939
698,5.184805403841381
699,4.963019572711402
700,4.895455395896192
701,5.2098018451673775
702,4.859131261891448
703,4.718307740727288
704,4.688674165295219
705,5.121201990269128
706,4.743914129500744
707,5.350958836396873
708,4.583614118423256
709,5.339291273658008
710,5.042203493440524
711,4.9806573776259215
712,4.89101618263821
713,5.079827222870414
714,4.992473059515031
715,5.220660376403305
716,5.0228455297324075
717,5.0300603522923755
718,4.927277557557229
719,4.9886108752557865
720,5.061560353778412
721,4.657966321468675
722,4.730362915578858
723,5.148652818804543
724,5.034173087625589
725,4.9632033327294645
726,5.003686786613079
727,5.069516341072334
728,4.892048063938128
729,4.844339054919537
730,5.039169051019536
731,4.804325444476993
732,5.081650551142895
733,4.659483279152432
734,5.205831127465129
735,5.094519496482609
736,5.051205946862775
737,5.196538196789103
738,5.333094888892515
739,5.202874013003626
740,4.631825153733671
741,4.7440846066528595
742,4.875036284460864
743,5.005218210042167
744,5.103531804093825
745,4.8548512373693065
746,5.0373533528954155
747,4.848923413529335
748,4.8776964394016105
749,4.718667780630356
750,4.815353350777819
751,4.729663078876733
752,4.804825349404533
753,5.210728359321568
754,4.8101202222336115
755,5.526476412967478
756,5.0986635801761775
757,5.036967224738975
758,4.828328443963757
759,5.140061975881799
760,4.884872434752445
761,5.024401962929073
762,5.512016907653759
763,4.98078802005507
764,5.229854665257135
765,4.859364714974823
766,4.993002301900607
767,5.354160127127102
768,4.874606588442447
769,5.362489711599386
770,5.141550387091095
771,4.887506644821147
772,5.126481547811104
773,5.194510889925346
774,5.124361992443439
775,4.685955056021909
776,4.854572564835026
777,4.950496272889699
778,4.985113314179991
779,5.124134419510136
780,5.0355402001866505
781,4.73293112825798
782,5.076039570201193
783,5.1221171490567645
784,5.111958089586208
785,5.216156145110924
786,5.166784430909781
787,5.091836015845687
788,4.985966857708271
789,4.667807813296802
790,5.085923643826517
791,5.041537537432622
792,5.054315767439075
793,4.744650284835938
794,4.783788691918348
795,5.210630570666581
796,4.992088969228669
797,5.136300139474525
798,5.005663675226092
799,5.005951227899149
800,5.1876567611952
801,4.896791054356525
802,5.019224155388197
803,4.907544942258991
804,4.913100754513537
805,4.9381655753062725
806,5.044426754326743
807,4.904250275667304
808,5.251151225114704
809,4.821078539556099
810,4.962625671167729
811,4.912053788345165
812,5.289395576870747
813,5.039310955302315
814,5.206368907893727
815,4.702887925392606
816,5.0534100531738515
817,5.177926159124687
818,5.016456797855085
819,5.213096075013071
820,4.8965423099799255
821,5.281869488037116
822,5.45977962472385
823,4.927432287912068
824,4.910899495719845
825,5.29067689542354
826,5.315914429146143
827,4.895427994569347
828,4.915962636580828
829,4.943643078227899
830,4.731109897793145
831,4.81626961070316
832,4.799171846649586
833,4.846440486979175
834,4.993063022522644
835,5.046842946507304
836,5.310100098562815
837,4.800329191852242
838,5.196864479695317
839,4.957202231154898
840,4.990107258069513
841,5.134963898433321
842,4.77545559568754
843,5.07648194923681
844,5.033290441642611
845,5.09849025280163
846,5.057833728781564
847,5.491060027982179
848,4.8724520031497365
849,4.893800608999636
850,4.875371894715047
851,4.888904576167949
852,4.872522574538697
853,5.23780330622151
854,5.284100849597971
855,4.885850741250104
856,4.833528885379154
857,5.094283111277281
858,4.889555391143806
859,5.126586363551102
860,5.0405846041702596
861,4.696851177000553
862,5.309501040266012
863,5.359175534619104
864,4.877442261903123
865,4.922459688012803
866,5.057173078144981
867,5.066891357997405
868,5.131708854534566
869,5.40204090775327
870,4.96461055450119
871,4.840340551092309
872,4.724136154397095
873,4.853813992011617
874,4.993374605425241
875,5.3589115727035574
876,4.896477740192766
877,5.04475759032778
878,4.996715420785449
879,5.237678654689617
880,5.505386485174724
881,4.893826245415936
882,4.902112111496356
883,5.208832175413814
884,5.136378297925262
885,5.3693414651472064
886,5.116785637065193
887,4.928141581842588
888,5.1181309661384615
889,5.221740716116582
890,5.164096436239473
891,5.10145480622146
892,5.213334937917831
893,5.233859118089135
894,5.276431798207505
895,5.129741977517929
896,4.966576383936629
897,5.029342737286664
898,5.2413017933016715
899,4.836612865802553
900,5.07373466177458
901,4.921332237534528
902,5.005748964586964
903,5.255690372521459
904,5.03821981360398
905,5.00928730963123
906,4.728028771804016
907,5.149250713205444
908,5.129096836228215
909,5.432650944661092
910,4.9384443530094
911,5.043830065532788
912,5.049876736742151
913,5.315490655952695
914,4.980940893522609
915,5.0558043051540675
916,5.121579301943308
917,5.037321824631271
918,4.9107132770898945
919,5.0388179985796615
920,5.214726349971954
921,4.794696940117788
922,5.026593934829375
923,4.859975837012166
924,5.239009325784968
925,4.695362619043245
926,4.888215630545682
927,5.075442375012904
928,5.313104805846868
929,4.9868499477854025
930,4.8889600946613605
931,5.376231413888118
932,4.710397219916751
933,4.560238808675984
934,5.088002890010666
935,4.899589155129478
936,4.795753436573857
937,5.141671289459871
938,5.04876014275424
939,4.887184273852655
940,4.743939120265821
941,5.174491465656029
942,5.130040235591732
943,4.980164827244123
944,5.369327399209533
945,4.78598304673477
946,4.6948949658150525
947,4.861618386023751
948,4.990882796728901
949,5.0486678898645385
950,4.951752788428734
951,5.070411079302859
952,4.749692115161912
953,5.288752920814652
954,4.983569764321486
955,5.2234591663176255
956,5.068545069275541
957,5.091350643830757
958,5.113953456046441
959,5.089541712003463
960,5.1285445519735084
961,5.265830506026486
962,5.039304233940294
963,5.141800751517702
964,4.982052861142555
965,5.2880234430898945
966,4.864721539588146
967,5.360188086582163
968,4.991968409871132
969,4.713844979576391
970,5.025620882982158
971,4.8637896685050235
972,5.168128709797744
973,4.869475204139522
974,4.910763313357044
975,4.622091853810894
976,4.909538736150185
977,4.515224134674209
978,4.683219435302855
979,5.152082931228859
980,5.157160031730166
981,5.085091512356993
982,4.8066047713741575
983,4.990457728771604
984,4.999279492181886
985,4.768327062161491
986,5.30067966035343
987,5.175472458115134
988,4.955807165234067
989,5.0053771677989065
990,5.041676561589511
991,4.591653026315142
992,4.95056452349588
993,4.86360315040044
994,4.799675998021017
995,4.943779941422809
996,5.359537305369905
997,5.128168572253402
998,4.885764202043441
999,5.114516556271232
1000,8.699677718293001
1001,8.462316841456385
1002,8.029815184960087
1003,7.6765316111472135
1004,8.349111656806794
1005,8.196742692710874
1006,8.447596610013866
1007,8.317585900840985
1008,8.524776357659668
1009,7.732382394219716
1010,8.658697032817162
1011,8.0987998023462
1012,9.037630436312632
1013,7.655406090955216
1014,8.867981901582624
1015,8.098955391731323
1016,7.674290998192776
1017,7.758057082972839
1018,7.83982634590284
1019,8.212082973200959
1020,8.26141774401775
1021,7.71314999803071
1022,7.987822703869509
1023,9.071135179305932
1024,8.863771585050356
1025,8.218161834837016
1026,8.0190017390841
1027,8.060015663359131
1028,8.306758986365208
1029,7.488603717400797
1030,7.871311731288327
1031,7.165707963061205
1032,8.199611561302639
1033,8.32359796985137
1034,7.758406768850313
1035,8.786993381645017
1036,7.387117168498829
1037,7.26781255989509
1038,8.112225909279987
1039,8.523549151306078
1040,8.841963845728934
1041,7.77055786856553
1042,8.539340416715648
1043,7.9807457652496465
1044,7.91368635002959
1045,8.441829968743336
1046,8.32616143920671
1047,7.211803921507875
1048,8.738270174862947
1049,8.690045677073726
1050,4.874887459698094
1051,5.079160706687482
1052,5.098806037256548
1053,5.052134753164782
1054,4.889938969230916
1055,4.86567532641239
1056,4.994889185801711
1057,5.234545803851873
1058,5.108720030918886
1059,4.9258771335827785
1060,5.154339742129669
1061,4.430291475873985
1062,5.229753140074421
1063,4.65205724424438
1064,4.9275118117193735
1065,4.776066021074771
1066,4.741063704855819
1067,5.232165357475704
1068,4.906459759737622
1069,5.069300776346143
1070,4.990615884224163
1071,5.095408165444624
1072,5.015364378212051
1073,4.743401555162286
1074,5.199253363889428
1075,4.901248683367737
1076,4.6886836202680495
1077,4.914376967806818
1078,5.300151958126862
1079,5.1700443484226986
1080,4.930269573118428
1081,4.930148459136314
1082,4.935672989756523
1083,5.4153495967121685
1084,5.07638709044631
1085,5.086008329438214
1086,5.206056690806369
1087,5.047757831805303
1088,4.948191570835859
1089,4.960730030183004
1090,4.985679748117187
1091,4.992555552698032
1092,5.145525908727396
1093,5.01038917716146
1094,5.146528015443116
1095,4.983856683978283
1096,5.015727038063218
1097,4.600359863093578
1098,5.183265534940496
1099,5.069297695179599
1100,5.1996020219719306
1101,4.420748924361262
1102,5.417674940956146
1103,4.9720820743689655
1104,5.221636563347503
1105,4.792018814574893
1106,5.122554781012514
1107,4.789316887365269
1108,4.875246207860839
1109,5.382806270773357
1110,4.961863519847331
1111,5.043486574635945
1112,5.1740135461377506
1113,5.099136377594521
1114,5.030083781028715
1115,5.072992200493245
1116,5.480683117047655
1117,4.9884762405932825
1118,5.040219809342993
1119,5.210130879201523
1120,5.221105186591597
1121,5.237406061112076
1122,5.127746044405837
1123,4.771399017453903
1124,5.3266863064602195
1125,4.770730921396263
1126,5.060527093047806
1127,4.849144829996129
1128,4.9871723306814015
1129,5.065752482060696
1130,5.064271443090055
1131,5.084384150847057
1132,5.32274225381173
1133,5.090706860302796
1134,4.95116867294187
1135,5.192817433657671
1136,5.237894097784928
1137,4.754478436972602
1138,5.119480013969971
1139,5.14023454846218
1140,4.940487299328002
1141,5.275141362662324
1142,4.969988882593495
1143,5.025115290694308
1144,4.965385635143226
1145,5.003115809516293
1146,4.78074498262096
1147,4.711989823481141
1148,5.318901012644995
1149,4.830607730336334
1150,4.801721530108739
1151,4.569321977279257
1152,4.8722076504621
1153,4.7353820413185
1154,5.328403032027274
1155,5.201963417868527
1156,4.862369930964455
1157,5.450487161068862
1158,5.196353097398319
1159,4.935033723298275
1160,4.500118857025285
1161,5.458188514518149
1162,4.72208550664728
1163,4.670920250608622
1164,5.204514086401928
1165,5.487950481267855
1166,5.276854563702104
1167,5.112781824010472
1168,5.118950868333057
1169,5.170683111756062
1170,5.151785717957353
1171,5.056238284793875
1172,5.020840220790375
1173,4.987481374420096
1174,4.849207082226664
1175,4.943864984626646
1176,4.661408637160923
1177,4.98033207464105
1178,4.802281778569816
1179,4.779282136556846
1180,5.035978830230696
1181,5.27840045726892
1182,5.183663321200463
1183,4.6858998792753646
1184,4.802074372685932
1185,5.188154237597643
1186,4.803502521292338
1187,4.955073370000595
1188,5.110010419804911
1189,4.806331109027273
1190,5.021075101229192
1191,4.733194901016359
1192,4.879726471209757
1193,5.063956386828507
1194,4.681401253293666
1195,5.088094947592079
1196,4.996072440214664
1197,5.110497990883429
1198,5.044782826812932
1199,5.272828085994769
1200,5.025044900529582
1201,4.914118891774949
1202,5.024459500606457
1203,5.1086596058072775
1204,5.009772014065141
1205,5.008118338240776
1206,4.859601662438649
1207,4.867419816489811
1208,4.719478945640061
1209,5.349915348637388
1210,4.751227352921743
1211,4.861418960440819
1212,4.85631854688616
1213,5.178984875388888
1214,4.941010064341595
1215,5.249548414534747
1216,4.865301875151227
1217,5.0557988324447605
1218,4.832930589348049
1219,5.429029825554678
1220,4.762480316194098
1221,5.061964142045405
1222,5.12675537618642
1223,5.0827598194903
1224,4.962942468224458
1225,4.9740358600533146
1226,5.008762294395822
1227,4.970599599674302
1228,5.192775823358982
1229,5.44210460031827
1230,4.888501642998433
1231,4.726039404084185
1232,4.982343590329749
1233,5.515941867530864
1234,4.839265086406054
1235,5.3278233610888135
1236,5.335540162815288
1237,4.889282351658401
1238,5.113796615837055
1239,5.325679324625708
1240,4.924174451802503
1241,4.959283927979528
1242,4.883663817210271
1243,4.7970486538614265
1244,4.870144490986799
1245,4.755211946647549
1246,5.006816693651845
1247,4.8460053537882715
1248,5.046757182358149
1249,4.688820870759274
1250,5.066176046442892
1251,5.166705792321785
1252,4.601252871485709
1253,5.074811313969515
1254,5.245533798494659
1255,4.758071796261759
1256,5.334514477367541
1257,5.083803801873209
1258,4.858997628848318
1259,4.988846184468459
1260,5.111665382504344
1261,5.015201078282482
1262,5.107751198489273
1263,4.815865281384127
1264,5.0338721648072156
1265,4.717257100619004
1266,4.97775478773026
1267,4.819218471707042
1268,4.8528940114820465
1269,5.2472186350420875
1270,5.218262024118854
1271,5.121827624181435
1272,4.781537447065484
1273,4.93671831006104
1274,5.242619539995837
1275,5.028343382727981
1276,5.463865907996339
1277,5.078663567878874
1278,5.038409823298006
1279,4.938176707159499
1280,5.026708180956456
1281,4.969506032723891
1282,5.1416217353377185
1283,5.191340463358917
1284,4.84280210789841
1285,4.733753409288444
1286,4.63275892537934
1287,5.101598265382509
1288,4.7793266787652255
1289,4.569421881409504
1290,5.077715720906193
1291,5.498599903486558
1292,4.9987858176920215
1293,5.167698154890329
1294,5.016365871709513
1295,4.980222069361772
1296,5.183815296597554
1297,4.941945091162269
1298,5.053478462814381
1299,5.064339561239203
1300,4.86638190927139
1301,5.198408469907305
1302,4.965008048660918
1303,4.848850968101431
1304,5.107301968714081
1305,4.820306403641792
1306,5.005636231473826
1307,4.99817620067116
1308,5.217179113166315
1309,5.09493964657599
1310,4.9949946082509715
1311,5.163553259840057
1312,5.2780415098034625
1313,5.111562061270372
1314,5.002070523968676
1315,4.737632753529968
1316,4.786977267384925
1317,4.938955059129066
1318,4.878097559568143
1319,4.96260573940291
1320,5.0113299849794215
1321,5.105938550871346
1322,4.985900244388182
1323,5.0973003287652405
1324,5.012894882962024
1325,4.604906686729226
1326,4.812132921236249
1327,4.971182488855677
1328,4.7580610514317785
1329,5.119985745999241
1330,5.30615016646874
1331,5.243752370339464
1332,4.957311425813958
1333,5.29814522736999
1334,5.029733491440422
1335,4.932582805776392
1336,4.877319467291812
1337,4.939506062702375
1338,4.922364636291754
1339,5.034083244475098
1340,5.032114796209973
1341,5.000609204030683
1342,5.08738763394927
1343,5.238129254957268
1344,5.189910827088265
1345,4.703020406310019
1346,4.489215773019609
1347,5.186863982247854
1348,4.726624260316916
1349,4.955046919621464
1350,4.765977394788128
1351,4.639603912483996
1352,5.108292545640958
1353,5.15183103206053
1354,4.8846979198546565
1355,4.481791541571018
1356,4.890751110349504
1357,5.0783608010805095
1358,4.704217686245174
1359,5.036671983955831
1360,4.996938030165401
1361,5.115858299920218
1362,5.02391607368283
1363,4.805386211823689
1364,5.239314300332898
1365,4.968294085394606
1366,4.994539092098013
1367,4.813346408185361
1368,4.911343549761698
1369,4.82303945719462
1370,4.9654107880153155
1371,5.342341696028469
1372,4.7256197714137285
1373,4.677287720424652
1374,5.294234065498721
1375,4.958135264569627
1376,4.866185452268017
1377,5.207980937479215
1378,4.878876892052627
1379,5.365201942709387
1380,5.135585174267854
1381,4.9024177183708595
1382,5.431461642653101
1383,4.8788570153993325
1384,5.148419074401861
1385,5.059858516081299
1386,5.26034825787976
1387,5.312302239345371
1388,5.0064008298131535
1389,4.8493164259307635
1390,5.091994428587824
1391,4.864456926049579
1392,5.402677449505324
1393,5.027307066216547
1394,4.9269356897375784
1395,5.036936061172982
1396,4.730574742094061
1397,4.805677192297869
1398,5.240082781588885
1399,4.868621144205721
1400,4.790617803463612
1401,5.107330550505457
1402,5.237140830932599
1403,5.143790662133013
1404,5.199209537161163
1405,4.848640982286108
1406,4.715637866651631
1407,5.3002667303910975
1408,4.935464032231573
1409,4.949833396708991
1410,5.265638828369812
1411,5.111246001880132
1412,5.091177554416322
1413,5.433000468980217
1414,4.871296353923971
1415,5.185568025616248
1416,5.011402624979417
1417,5.0537184557726516
1418,5.305693685282506
1419,5.101567151257925
1420,5.107659215809926
1421,5.21450146746196
1422,4.927009454091423
1423,4.832158066532199
1424,4.791038161195793
1425,4.6067286821248
1426,5.411241425988065
1427,4.779358326855664
1428,4.955749275282845
1429,4.944637340022216
1430,5.06148133956182
1431,5.163147442507859
1432,5.172094697671949
1433,4.883384512286212
1434,4.966575657242718
1435,5.05651599009766
1436,4.95026177476329
1437,5.321469115203999
1438,5.0981949903276504
1439,5.146975557209964
1440,5.1325762537334825
1441,5.234694771497065
1442,5.036204311740741
1443,4.740633610408831
1444,5.079937590350529
1445,4.869728621241634
1446,4.894276663650048
1447,5.1172728037510185
1448,5.247656614286727
1449,5.004254315347213
1450,5.061766602519793
1451,5.340442988927047
1452,5.048150635897714
1453,5.520336622836079
1454,5.113101929126309
1455,4.647847448168837
1456,5.150668324220907
1457,5.076231676976556
1458,5.257950550816549
1459,5.134636270253992
1460,4.972308803203245
1461,4.755140352742127
1462,4.9581953485427945
1463,4.82989590915814
1464,4.883895310039056
1465,5.117715680884122
1466,5.333980900870281
1467,5.078934305964596
1468,4.760823387592963
1469,5.088920533644028
1470,5.23932629732913
1471,4.878043419136124
1472,4.9731965666654165
1473,5.0029376389458395
1474,4.843020337383552
1475,5.1296560867687715
1476,4.9758103702784435
1477,5.083906488781405
1478,4.82250156443958
1479,4.912508339935318
1480,5.144476271565554
1481,4.925433369581647
1482,5.345392770246681
1483,4.92007276287708
1484,5.044936945150377
1485,5.186518166374618
1486,4.716326853413394
1487,4.647838237603845
1488,4.694868737085981
1489,5.252516820685436
1490,4.8896283708215105
1491,5.51163985713365
1492,4.887150480268522
1493,5.036910260639408
1494,5.308421990513575
1495,5.401218577631824
1496,5.412300715327279
1497,5.241673246118628
1498,5.204812505162293
1499,5.118505389840236
1500,5.155672215233327
1501,4.8897628567342935
1502,4.8363602233155385
1503,4.99932510851781
1504,4.965963075495014
1505,4.909354390134545
1506,5.139277489491343
1507,5.191061041714102
1508,5.017681377258369
1509,5.2955060162110525
1510,4.771662177173299
1511,4.961268108144056
1512,4.856635535879439
1513,4.626692676585388
1514,4.98346386283146
1515,4.975650498323343
1516,5.3026899486484265
1517,5.126162336910956
1518,4.795162635134159
1519,5.370818513266838
1520,5.244206739105071
1521,5.116419540693723
1522,4.954703180230034
1523,4.808112152655304
1524,4.92555864478579
1525,5.2177497239408375
1526,5.376917261186922
1527,5.308648705654438
1528,4.9022301156427455
1529,4.776076513342198
1530,5.0281772493822405
1531,4.6463121268874295
1532,5.064633542836956
1533,4.9704794827402665
1534,4.906792699626352
1535,4.681059386546641
1536,5.102720021313943
1537,4.8934598320676175
1538,4.7660166328579425
1539,4.42554755734367
1540,4.994497018989873
1541,5.3544503193339485
1542,5.332251842909574
1543,4.908580748682746
1544,4.879557587927644
1545,5.093754851215005
1546,4.800322912162342
1547,5.060358379963893
1548,5.153216055676938
1549,5.245386644776861
1550,1.7499229617600236
1551,1.6981631249115172
1552,1.3610087066217196
1553,1.38655982298007
1554,1.6867605540492367
1555,1.9836827534080892
1556,2.256792313116625
1557,1.3984105246598277
1558,2.546344284479761
1559,1.6644381994787156
1560,1.789316352825782
1561,1.4263941604260884
1562,0.5878798698635292
1563,2.242022698180525
1564,2.1684219485462166
1565,1.6593362214408933
1566,1.833495358612436
1567,2.0579696088520496
1568,1.0187270715567287
1569,1.5354736613268527
1570,2.1971323398109135
1571,1.1728552884153753
1572,1.9467789660833148
1573,1.1217090976882975
1574,2.0332149912167634
1575,1.7821792588512582
1576,0.9924340920472453
1577,2.382369677228586
1578,1.4327042116009754
1579,1.3948737814928096
1580,1.9002845986154715
1581,2.374318674714358
1582,1.2920890905108016
1583,1.830839924923986
1584,2.0144082501652867
1585,2.146552803631572
1586,1.8882207776386126
1587,1.616486080458339
1588,1.3862048896756403
1589,1.8430719415231873
1590,1.2639304940071967
1591,0.33932475825269637
1592,2.018279902078834
1593,2.2519674205430977
1594,0.6185337822290808
1595,1.2951346476450314
1596,2.1095771305025988
1597,2.8287477348558494
1598,1.810396853837704
1599,1.435998529385433
1600,1.70855177944758
1601,2.4874382095740923
1602,1.4770179104377323
1603,1.4004039966748731
1604,1.5586282389089838
1605,1.323335695870644
1606,1.8613351579973978
1607,2.6123392292347805
1608,1.9615396365580147
1609,1.6738232489368563
1610,1.654094365542228
1611,1.0184045956516714
1612,2.2415548885735794
1613,1.761081401493599
1614,1.709760043204687
1615,3.3965537839224305
1616,1.949376454182843
1617,1.4241044749524079
1618,1.5868212018972283
1619,2.3742228545983775
1620,1.8566352052688824
1621,1.0808610108413168
1622,2.259614467287602
1623,1.465927957230503
1624,2.736648888108773
1625,2.3400240328573245
1626,1.5763390521706244
1627,2.4405081808675564
1628,1.8339277552637017
1629,2.22638683756111
1630,5.099342830602247
1631,4.9723471397657635
1632,5.1295377076201385
1633,5.304605971281605
1634,4.953169325055333
1635,4.9531726086101635
1636,5.315842563101478
1637,5.153486945830582
1638,4.90610512281301
1639,5.108512008717193
1640,4.9073164614375075
1641,4.906854049285949
1642,5.048392454313207
1643,4.61734395106844
1644,4.655016433497393
1645,4.8875424941518055
1646,4.797433775933115
1647,5.062849466519054
1648,4.818395184895758
1649,4.717539259732941
1650,5.293129753784311
1651,4.9548447399026925
1652,5.013505640937585
1653,4.715050362757308
1654,4.891123455094964
1655,5.022184517941973
1656,4.769801284515539
1657,5.075139603669134
1658,4.879872262016239
1659,4.941661250041345
1660,4.87965867755412
1661,5.370455636901788
1662,4.997300555052413
1663,4.78845781420882
1664,5.164508982420638
1665,4.755831270005795
1666,5.041772719000951
1667,4.6080659752240445
1668,4.734362790220314
1669,5.039372247173825
1670,5.147693315999082
1671,5.034273656237994
1672,4.976870343522352
1673,4.939779260882142
1674,4.704295601926514
1675,4.856031158321058
1676,4.907872245808043
1677,5.211424445243783
1678,5.068723657913692
1679,4.647391968927453
1680,5.0648167938789594
1681,4.922983543916737
1682,4.8646155999388085
1683,5.1223352577681736
1684,5.20619990449919
1685,5.18625602382324
1686,4.8321564953554725
1687,4.938157524829757
1688,5.066252686280713
1689,5.195109025424472
1690,4.904165152430942
1691,4.962868204667236
1692,4.778733005198794
1693,4.760758675183866
1694,5.16250516447884
1695,5.271248005714164
1696,4.985597975683933
1697,5.200706579578405
1698,5.072327205009527
1699,4.870976049078975
1700,5.072279121101682
1701,5.307607313293194
1702,4.99283479217801
1703,5.312928731162801
1704,4.476050979182051
1705,5.164380500875045
1706,5.017409413647634
1707,4.9401985299068265
1708,5.018352155307101
1709,4.6024862170798215
1710,4.956065622432497
1711,5.071422514302349
1712,5.295578808948303
1713,4.896345956345271
1714,4.838301279421362
1715,4.899648591283093
1716,5.183080423540415
1717,5.065750221931937
1718,4.894047959246592
1719,5.102653486622671
1720,5.019415509869608
1721,5.193728998106578
1722,4.85958938122453
1723,4.934467570680447
1724,4.921578369373568
1725,4.707297010373576
1726,5.0592240554129155
1727,5.052211054435978
1728,5.001022691328492
1729,4.953082573324971
1730,4.7169258515899175
1731,4.915870935446928
1732,4.931457096694646
1733,4.839544546155676
1734,4.967742857666798
1735,5.0808101713629075
1736,5.377237180242106
1737,5.0349155625663675
1738,5.0515100781445526
1739,4.985110816846767
1740,4.616245756940192
1741,4.994697224910157
1742,5.012046041988206
1743,5.492648422497057
1744,4.961527807043775
1745,5.0603094684667225
1746,4.9930576460589515
1747,4.766264392476094
1748,5.228564562903004
1749,5.150386606537355
1750,5.158206389408609
1751,4.818122509041052
1752,5.2805588621872195
1753,4.719629787441544
1754,5.117371418760054
1755,5.438091125161995
1756,4.801892734973863
1757,4.886740454079446
1758,5.019930273017528
1759,4.89930486917676
1760,4.689867313786774
1761,5.013712594961206
1762,4.787539257254779
1763,5.094718486127037
1764,4.816115153153239
1765,5.309986881003508
1766,4.843349341532752
1767,4.935587696758865
1768,5.162703443473934
1769,4.753827136713209
1770,5.045491986920826
1771,5.261428550856485
1772,4.678503353087755
1773,5.036926771706461
1774,5.0519765588496846
1775,5.156364574355462
1776,4.752609857824384
1777,4.7359086773831445
1778,5.10438831312338
1779,5.059396934646637
1780,5.050098570069175
1781,5.069289641899395
1782,4.863995055684302
1783,5.046450739432201
1784,5.058614494659737
1785,4.857129716394726
1786,5.3731549022289515
1787,5.0947665841823575
1788,4.76173930055947
1789,5.131310721726766
1790,4.805063665954536
1791,5.15741692074849
1792,5.23171911580148
1793,4.835863536329658
1794,5.192675225848864
1795,5.0825561853873
1796,5.164412031998898
1797,5.379358596530789
1798,4.950922376799426
1799,4.849252767128502
1800,4.822097114074896
1801,4.836837943006913
1802,4.9845796581171795
1803,5.0682303949633285
1804,5.055338159866004
1805,5.165436649807205
1806,5.002600378375582
1807,5.290706815431463
1808,4.9470686333524085
1809,5.544033833317924
1810,5.125133469553001
1811,4.828568488716743
1812,4.785821500387778
1813,5.096494483048637
1814,4.95530744293483
1815,5.142800098818419
1816,5.094647524914709
1817,4.985434217468625
1818,4.830641256386319
1819,4.6970305550628275
1820,4.910697009586595
1821,5.171279758864695
1822,5.042818748826041
1823,4.750852244257603
1824,5.034636185170236
1825,5.077063475945767
1826,4.823228512759774
1827,5.030745021189105
1828,5.0116417436892
1829,4.771405940433875
1830,5.071557472069657
1831,5.112156905273647
1832,5.216610248635055
1833,5.210760410406981
1834,4.724466126408582
1835,4.812434992016976
1836,5.103007053441732
1837,5.102757190182442
1838,5.10300953726121
1839,5.770546298130944
1840,5.114178102138633
1841,5.22711312803612
1842,5.19080035269864
1843,5.13027825026116
1844,4.936946151071931
1845,5.151793844098654
1846,4.845434957092485
1847,4.952636278651998
1848,4.902927290434179
1849,5.016374827877264
1850,5.462931713334702
1851,4.62654696148165
1852,5.1372520380749025
1853,4.67745682576207
1854,4.905613626842113
1855,5.217790119393473
1856,5.012856003819093
1857,4.784451044414139
1858,4.856939258148007
1859,5.135919549786935
1860,4.853926673656573
1861,5.043291717916395
1862,5.009114367980763
1863,4.869679930478837
1864,5.428788817865065
1865,5.126783804463602
1866,4.594971482668479
1867,5.037290862953886
1868,4.867642707046322
1869,5.170486666959245
1870,4.84149585231346
1871,4.97705271170662
1872,5.100997455796091
1873,5.173151038834025
1874,4.759940718588845
1875,4.933099752831811
1876,4.905010937767809
1877,4.869334153485258
1878,5.353090848056219
1879,5.080996342192191
1880,4.747823209132991
1881,5.183572389410955
1882,5.4244312394025265
1883,5.206493052110229
1884,4.696126006809197
1885,4.90315318542675
1886,5.2533822298373245
1887,4.858466106876244
1888,5.088763885629246
1889,5.1549268106858674
1890,4.814613905684383
1891,4.98809492878764
1892,4.351746531986185
1893,4.795122471733142
1894,4.949486369721368
1895,4.7504433636070305
1896,5.326482260786327
1897,4.713971724407873
1898,4.911991102660603
1899,5.026148115457218
1900,5.288254657813223
1901,4.712827569764112
1902,5.232632750430992
1903,5.002046612203918
1904,4.803698269790409
1905,5.092420694852654
1906,5.039811939114694
1907,4.879956624568241
1908,5.013960416998004
1909,4.922937280627648
1910,5.022703469050249
1911,5.132426134904209
1912,5.31720336322907
1913,4.75243690023463
1914,5.426606674931254
1915,4.609582440095499
1916,4.969642980992884
1917,5.117663441296916
1918,5.056198373547007
1919,4.875460096035881
1920,4.958375549928545
1921,4.901399813068234
1922,4.882127048611157
1923,5.169920419404205
1924,5.071403097193009
1925,4.861418080947869
1926,5.1799199750866505
1927,5.061459904175321
1928,5.162572423767792
1929,5.125925768384723
1930,4.834200997815586
1931,4.8879637919606065
1932,5.1494587210246525
1933,5.122074053086693
1934,4.995819681207171
1935,5.023465476661756
1936,5.255532979157685
1937,4.881685722232834
1938,5.109419476234008
1939,4.959561469513221
1940,4.9564637593545555
1941,5.219755370397438
1942,5.165083269797606
1943,5.1627019272001275
1944,5.261095761430866
1945,5.004200768326552
1946,5.136390594258993
1947,4.937946648681309
1948,5.064833270497688
1949,4.973971389126463
1950,5.019399192998543
1951,5.119031405087383
1952,4.8363558633533055
1953,5.418477455137092
1954,4.79879652370006
1955,4.757162277442454
1956,5.231622174700013
1957,5.158332538792587
1958,5.124823963410431
1959,5.125669101852856
1960,4.997550645430617
1961,4.820549125702834
1962,5.015160911638746
1963,4.864567657697577
1964,5.19502394668355
1965,4.970588523699572
1966,4.834900560641498
1967,4.935722831669401
1968,5.082586290855125
1969,4.887255089439205
1970,4.835555920886714
1971,5.048737442298383
1972,5.048993314221745
1973,4.898611364925774
1974,4.905792338876336
1975,5.046409987471527
1976,4.710383131700535
1977,4.718507245124689
1978,4.856311155749513
1979,4.957310569657631
1980,5.062181513119601
1981,5.29507124338991
1982,5.171531924640404
1983,4.968012294007314
1984,4.996196758419463
1985,4.799494127072438
1986,4.996297372801522
1987,4.942268272215973
1988,5.064543712067618
1989,4.834553811289536
1990,5.103869302848234
1991,5.306547782600515
1992,4.978247970308629
1993,5.080342344419789
1994,5.138028798342223
1995,4.919755905622833
1996,5.044818496362083
1997,5.002518480156359
1998,5.019535219709766
1999,4.845398043228907
2000,5.0049020348517885
2001,5.09959965824909
2002,5.290228721559008
2003,5.191854165217041
2004,5.4306364915023115
2005,4.84653048742239
2006,5.174464127344136
2007,5.03666840114767
2008,5.437960586643534
2009,4.838340342928969
2010,4.832055631563845
2011,4.880121470911195
2012,4.5752208551380384
2013,4.894848995663848
2014,4.848173467689261
2015,5.030078757295241
2016,5.068351195155432
2017,5.375234167843177
2018,5.19008476763721
2019,4.884619268867519
2020,4.820317065730328
2021,5.098383834301301
2022,4.7359533585958715
2023,5.366291753170871
2024,5.235888024144257
2025,4.906164869579059
2026,4.657373094181825
2027,5.2707744748330825
2028,4.977092030949477
2029,5.247563262394692
2030,4.681114468241127
2031,4.880124995409245
2032,5.001048739943637
2033,5.0093961187529485
2034,4.909986905704152
2035,5.1245699864695
2036,4.786475914123481
2037,4.971524102995741
2038,5.0240591263423795
2039,5.10288776681175
2040,5.142322975617778
2041,4.775071581632426
2042,4.693177165852876
2043,5.255535364379702
2044,5.066462802395918
2045,4.85030269268869
2046,5.3102303951045045
2047,5.023134926858572
2048,5.235859436812765
2049,5.013503696282021
2050,5.412149584976397
2051,5.3510681684886405
2052,4.950207170304186
2053,5.194314190190871
2054,5.12907518991703
2055,5.273726311506469
2056,4.8070153078839795
2057,5.137210291999688
2058,5.211684897369918
2059,4.648252102715377
2060,4.763348297466845
2061,4.59215356444798
2062,4.946118633111088
2063,5.143508451159192
2064,5.300471410419206
2065,5.014818956083955
2066,5.325723109114258
2067,4.723979708357022
2068,4.659323512128969
2069,4.988890460220676
2070,5.076813089787861
2071,4.993461050381182
2072,4.586511579992025
2073,4.982175992097442
2074,4.739106099899029
2075,5.133934509766008
2076,5.0733196492193695
2077,4.812024042734529
2078,4.897226616532661
2079,4.788157295622209
2080,4.9874641805453654
2081,5.191028464100247
2082,4.802854790732892
2083,5.100809303103569
2084,4.893948476325511
2085,4.841425433547531
2086,4.978593928009088
2087,4.792951535516125
2088,4.889270138930564
2089,4.76042442148223
2090,5.392945026583278
2091,5.007052710394346
2092,4.860054898401483
2093,5.042795982146845
2094,4.977534390061834
2095,4.955806080093355
2096,5.122833340008685
2097,5.151501542009461
2098,4.893899770477894
2099,4.884836351871064
2100,4.9449896605696715
2101,4.539615767052883
2102,4.69696178756029
2103,5.273374853488905
2104,5.328993542700257
2105,4.950192792088725
2106,5.1153113926111535
2107,5.062250030908707
2108,5.6157761616910475
2109,5.2239149822869155
2110,4.974416481703846
2111,4.808891911879915
2112,4.678710735948486
2113,5.040692727173445
2114,4.84872985094314
2115,4.715549258080465
2116,4.870685423151495
2117,4.783690399277121
2118,5.337428327014513
2119,5.17632795138989
2120,4.998405471736676
2121,5.295988827778006
2122,5.015473661529524
2123,4.827743159734347
2124,5.3046248154539315
2125,5.1077820087369314
2126,4.792550769134709
2127,4.961932264383278
2128,4.824876349323048
2129,4.723440053807133
2130,5.185235509506328
2131,5.381883328094026
2132,4.720286485236172
2133,5.112593847338114
2134,4.869871486175635
2135,4.902574923247061
2136,4.881521215152226
2137,4.827201846064037
2138,5.009704325588966
2139,4.8338099767177924
2140,5.054091365155967
2141,4.989952378110172
2142,4.952210390626718
2143,4.818487267591681
2144,4.884645733886334
2145,5.151078245165151
2146,5.100183437524876
2147,4.80448895104029
2148,5.019866461085845
2149,5.150277424674358
2150,4.666118943775726
2151,5.108672038475987
2152,4.86747524821083
2153,5.114119733718632
2154,4.8473481686914965
2155,4.6390235798670965
2156,4.6744915124233675
2157,5.009616989332277
2158,5.051944500344296
2159,4.819136674979118
2160,5.127718491755475
2161,4.667695987546208
2162,4.986784040270536
2163,4.757796760047508
2164,4.869632778439568
2165,5.009479734263283
2166,4.82791732694321
2167,4.923088891154035
2168,5.201258561842888
2169,4.88462162609537
2170,5.167138422413029
2171,4.7740586290684766
2172,5.105960835583057
2173,5.28831372413158
2174,4.505671099974542
2175,4.840620948905904
2176,5.115414425436108
2177,4.9593909227914015
2178,5.074229174674262
2179,4.879202962656836
2180,5.01731795749458
2181,4.968864552921584
2182,5.233556412331962
2183,5.050884168660243
2184,5.06752053241504
2185,4.917624606775506
2186,4.902478755185501
2187,4.913488362436076
2188,5.07889042847566
2189,4.915803103835947
2190,5.057954971379282
2191,5.415080159729087
2192,5.174224940686338
2193,4.934795293566432
2194,5.240242784432789
2195,4.9183849253956895
2196,4.59237509296443
2197,4.798382737816519
2198,4.625841615794829
2199,4.929697303191738
2200,5.003683675837911
2201,5.335287462455057
2202,5.065385474752833
2203,4.956179894238227
2204,5.165881116236698
2205,4.557772938198423
2206,5.047122911621713
2207,5.154173038777393
2208,4.7042827508440315
2209,5.228750808641386
2210,5.067699281498883
2211,4.91694241721984
2212,5.126556373221257
2213,5.454138571560879
2214,5.036373251011699
2215,5.049644117260067
2216,4.908127820091951
2217,4.830031126107041
2218,5.166067163308849
2219,4.828783234818227
2220,5.014313247443878
2221,4.904468510646977
2222,5.095795965149279
2223,5.06673242105739
2224,5.20750798885158
2225,4.897996720229051
2226,4.946025012941326
2227,4.804247256843539
2228,4.911141347984778
2229,5.07546009860897
2230,5.151397723329071
2231,4.815566935164475
2232,5.173921184021132
2233,5.2711275717609904
2234,5.08268698064474
2235,5.3753591625116135
2236,4.845242160179286
2237,4.751069059337716
2238,4.6442559502191445
2239,5.299208862297837
2240,5.130873131270811
2241,4.988883065817909
2242,5.055993725263964
2243,4.774902190540325
2244,5.489150395923366
2245,5.025844236395045
2246,5.021878958920978
2247,5.145153324779739
2248,5.096201846347343
2249,5.044776804855826
2250,4.841905108910938
2251,5.0942936714272
2252,5.376404899295006
2253,5.269084009230996
2254,5.318637325327879
2255,4.897756864713763
2256,4.8020790359482834
2257,4.97484261598007
2258,5.011144982457739
2259,5.21883830369419
2260,4.661507074057036
2261,5.305910063892123
2262,4.968398420284202
2263,4.914623786010516
2264,4.7975791249479665
2265,4.669028665626846
2266,5.164634116792383
2267,5.014663593437681
2268,4.742007820051789
2269,4.740984245587277
2270,4.932843060141974
2271,5.333804305057878
2272,4.948081729727279
2273,4.699371409376379
2274,4.950851387182811
2275,4.945455286050466
2276,4.460622671411686
2277,4.989141026696438
2278,4.9538130939582645
2279,5.139241272962684
2280,5.369791218989069
2281,5.225313005909552
2282,4.946222261889034
2283,4.778694818251666
2284,5.514671960649972
2285,5.011843686802898
2286,5.002785858382589
2287,4.995174982577999
2288,5.039616952153571
2289,4.9711279176152114
2290,4.885267598623953
2291,4.890628211751921
2292,4.9934493459568
2293,4.891315045773247
2294,4.857430843464567
2295,5.021286045538379
2296,4.949004556515829
2297,5.300798597716538
2298,4.469806038321398
2299,5.218301370384492
2300,5.249217038499526
2301,4.5853219535183705
2302,4.93146248118393
2303,4.925711826800842
2304,4.7184976610564355
2305,4.844436662481825
2306,4.777884830906834
2307,5.3504540886847245
2308,5.187135678629493
2309,5.254311018998831
2310,5.1443344128086474
2311,4.774189645756554
2312,4.895095946744045
2313,5.097874912245584
2314,4.755574438221611
2315,5.142599686034478
2316,4.951934920368373
2317,4.92503583849008
2318,5.142191993640698
2319,5.088852662297208
2320,4.927806766836184
2321,5.23186596067285
2322,4.783787334480021
2323,5.1231871213888525
2324,5.1186202515936765
2325,4.9380907121372015
2326,5.065226604448424
2327,4.749777284722939
2328,5.184805403841381
2329,4.963019572711402
2330,4.895455395896192
2331,5.2098018451673775
2332,4.859131261891448
2333,4.718307740727288
2334,4.688674165295219
2335,5.121201990269128
2336,4.743914129500744
2337,5.350958836396873
2338,4.583614118423256
2339,5.339291273658008
2340,5.042203493440524
2341,4.9806573776259215
2342,4.89101618263821
2343,5.079827222870414
2344,4.992473059515031
2345,5.220660376403305
2346,5.0228455297324075
2347,5.0300603522923755
2348,4.927277557557229
2349,4.9886108752557865
2350,5.061560353778412
2351,4.657966321468675
2352,4.730362915578858
2353,5.148652818804543
2354,5.034173087625589
2355,4.9632033327294645
2356,5.003686786613079
2357,5.069516341072334
2358,4.892048063938128
2359,4.844339054919537
2360,5.039169051019536
2361,4.804325444476993
2362,5.081650551142895
2363,4.659483279152432
2364,5.205831127465129
2365,5.094519496482609
2366,5.051205946862775
2367,5.196538196789103
2368,5.333094888892515
2369,5.202874013003626
2370,4.631825153733671
2371,4.7440846066528595
2372,4.875036284460864
2373,5.005218210042167
2374,5.103531804093825
2375,4.8548512373693065
2376,5.0373533528954155
2377,4.848923413529335
2378,4.8776964394016105
2379,4.718667780630356
2380,4.815353350777819
2381,4.729663078876733
2382,4.804825349404533
2383,5.210728359321568
2384,4.8101202222336115
2385,5.526476412967478
2386,5.0986635801761775
2387,5.036967224738975
2388,4.828328443963757
2389,5.140061975881799
2390,4.884872434752445
2391,5.024401962929073
2392,5.512016907653759
2393,4.98078802005507
2394,5.229854665257135
2395,4.859364714974823
2396,4.993002301900607
2397,5.354160127127102
2398,4.874606588442447
2399,5.362489711599386
2400,5.141550387091095
2401,4.887506644821147
2402,5.126481547811104
2403,5.194510889925346
2404,5.124361992443439
2405,4.685955056021909
2406,4.854572564835026
2407,4.950496272889699
2408,4.985113314179991
2409,5.124134419510136
2410,5.0355402001866505
2411,4.73293112825798
2412,5.076039570201193
2413,5.1221171490567645
2414,5.111958089586208
2415,5.216156145110924
2416,5.166784430909781
2417,5.091836015845687
2418,4.985966857708271
2419,4.667807813296802
2420,5.085923643826517
2421,5.041537537432622
2422,5.054315767439075
2423,4.744650284835938
2424,4.783788691918348
2425,5.210630570666581
2426,4.992088969228669
2427,5.136300139474525
2428,5.005663675226092
2429,5.005951227899149
2430,5.1876567611952
2431,4.896791054356525
2432,5.019224155388197
2433,4.907544942258991
2434,4.913100754513537
2435,4.9381655753062725
2436,5.044426754326743
2437,4.904250275667304
2438,5.251151225114704
2439,4.821078539556099
2440,4.962625671167729
2441,4.912053788345165
2442,5.289395576870747
2443,5.039310955302315
2444,5.206368907893727
2445,4.702887925392606
2446,5.0534100531738515
2447,5.177926159124687
2448,5.016456797855085
2449,5.213096075013071
2450,4.8965423099799255
2451,5.281869488037116
2452,5.45977962472385
2453,4.927432287912068
2454,4.910899495719845
2455,5.29067689542354
2456,5.315914429146143
2457,4.895427994569347
2458,4.915962636580828
2459,4.943643078227899
2460,4.731109897793145
2461,4.81626961070316
2462,4.799171846649586
2463,4.846440486979175
2464,4.993063022522644
2465,5.046842946507304
2466,5.310100098562815
2467,4.800329191852242
2468,5.196864479695317
2469,4.957202231154898
2470,4.990107258069513
2471,5.134963898433321
2472,4.77545559568754
2473,5.07648194923681
2474,5.033290441642611
2475,5.09849025280163
2476,5.057833728781564
2477,5.491060027982179
2478,4.8724520031497365
2479,4.893800608999636
2480,4.875371894715047
2481,4.888904576167949
2482,4.872522574538697
2483,5.23780330622151
2484,5.284100849597971
2485,4.885850741250104
2486,4.833528885379154
2487,5.094283111277281
2488,4.889555391143806
2489,5.126586363551102
2490,5.0405846041702596
2491,4.696851177000553
2492,5.309501040266012
2493,5.359175534619104
2494,4.877442261903123
2495,4.922459688012803
2496,5.057173078144981
2497,5.066891357997405
2498,5.131708854534566
2499,5.40204090775327
2500,4.96461055450119
2501,4.840340551092309
2502,4.724136154397095
2503,4.853813992011617
2504,4.993374605425241
2505,5.3589115727035574
2506,4.896477740192766
2507,5.04475759032778
2508,4.996715420785449
2509,5.237678654689617
2510,5.505386485174724
2511,4.893826245415936
2512,4.902112111496356
2513,5.208832175413814
2514,5.136378297925262
2515,5.3693414651472064
2516,5.116785637065193
2517,4.928141581842588
2518,5.1181309661384615
2519,5.221740716116582
2520,5.164096436239473
2521,5.10145480622146
2522,5.213334937917831
2523,5.233859118089135
2524,5.276431798207505
2525,5.129741977517929
2526,4.966576383936629
2527,5.029342737286664
2528,5.2413017933016715
2529,4.836612865802553
2530,5.07373466177458
2531,4.921332237534528
2532,5.005748964586964
2533,5.255690372521459
2534,5.03821981360398
2535,5.00928730963123
2536,4.728028771804016
2537,5.149250713205444
2538,5.129096836228215
2539,5.432650944661092
2540,4.9384443530094
2541,5.043830065532788
2542,5.049876736742151
2543,5.315490655952695
2544,4.980940893522609
2545,5.0558043051540675
2546,5.121579301943308
2547,5.037321824631271
2548,4.9107132770898945
2549,5.0388179985796615
2550,5.214726349971954
2551,4.794696940117788
2552,5.026593934829375
2553,4.859975837012166
2554,5.239009325784968
2555,4.695362619043245
2556,4.888215630545682
2557,5.075442375012904
2558,5.313104805846868
2559,4.9868499477854025
2560,4.8889600946613605
2561,5.376231413888118
2562,4.710397219916751
2563,4.560238808675984
2564,5.088002890010666
2565,4.899589155129478
2566,4.795753436573857
2567,5.141671289459871
2568,5.04876014275424
2569,4.887184273852655
2570,4.743939120265821
2571,5.174491465656029
2572,5.130040235591732
2573,4.980164827244123
2574,5.369327399209533
2575,4.78598304673477
2576,4.6948949658150525
2577,4.861618386023751
2578,4.990882796728901
2579,5.0486678898645385
2580,4.951752788428734
2581,5.070411079302859
2582,4.749692115161912
2583,5.288752920814652
2584,4.983569764321486
2585,5.2234591663176255
2586,5.068545069275541
2587,5.091350643830757
2588,5.113953456046441
2589,5.089541712003463
2590,5.1285445519735084
2591,5.265830506026486
2592,5.039304233940294
2593,5.141800751517702
2594,4.982052861142555
2595,5.2880234430898945
2596,4.864721539588146
2597,5.360188086582163
2598,4.991968409871132
2599,4.713844979576391
2600,5.025620882982158
2601,4.8637896685050235
2602,5.168128709797744
2603,4.869475204139522
2604,4.910763313357044
2605,4.622091853810894
2606,4.909538736150185
2607,4.515224134674209
2608,4.683219435302855
2609,5.152082931228859
2610,5.157160031730166
2611,5.085091512356993
2612,4.8066047713741575
2613,4.990457728771604
2614,4.999279492181886
2615,4.768327062161491
2616,5.30067966035343
2617,5.175472458115134
2618,4.955807165234067
2619,5.0053771677989065
2620,5.041676561589511
2621,4.591653026315142
2622,4.95056452349588
2623,4.86360315040044
2624,4.799675998021017
2625,4.943779941422809
2626,5.359537305369905
2627,5.128168572253402
2628,4.885764202043441
2629,5.114516556271232
